FirstName,Phone Number,Notes
John Doe,1234567890,Task 1 notes
Jane Smith,987654321,Task 2 notes
Jack Johnson,1122334455,Task 3 notes
Jim Bean,5566778899,Task 4 notes
Jill Brown,9988776655,Task 5 notes
Alice Green,1122339988,Task 6 notes
Bob White,9988776655,Task 7 notes
Charlie Black,1234455666,Task 8 notes
David Blue,8776654433,Task 9 notes
Eve Grey,9098761234,Task 10 notes
Frank Red,6667778899,Task 11 notes
Grace Yellow,5554443322,Task 12 notes
Harry Pink,4443332211,Task 13 notes
Iris Purple,3332221110,Task 14 notes
Jack White,2221110009,Task 15 notes
Kate Blue,1110009998,Task 16 notes
Louis Green,7774443322,Task 17 notes
Molly Violet,6663332210,Task 18 notes
Nick Brown,5552221100,Task 19 notes
Olivia Red,4441110999,Task 20 notes
Paul Yellow,3330009888,Task 21 notes
Quinn Black,2229998777,Task 22 notes
Rachel Pink,1118887666,Task 23 notes
Sam White,8887776555,Task 24 notes
Tom Grey,7776665444,Task 25 notes
